{"max":0.21149075992286578,"peaks":[0.1315074371214357,0.1491420977753415,0.15452656603602086,0.19422454503983405,0.1493370268833497,0.12013625373832564,0.20515762222705067,0.15262878829913543,0.14906478101413037,0.19260139534961154,0.14863107794763397,0.13543066792486896,0.16871543655537752,0.18835216184912376,0.14340264276314646,0.16195421022329506,0.14705551317038038,0.13101653471361796,0.14073204361672478,0.1685607256396231,0.13948317150021633,0.16069798095291854,0.19774304684254634,0.14649217256708968,0.125853537966917,0.18896906879673905,0.16660382395207501,0.1640022117972344,0.1864472513257307,0.1548862691430671,0.14486312004731783,0.17685719197819183,0.16857721532719985,0.14342789457571992,0.17549393126523186,0.16954782521488906,0.17854120588424977,0.18296065218644655,0.19408143775504344,0.14615252399900436,0.1828403222208346,0.19962493247711297,0.15402220309297276,0.1575397443048083,0.20664013669412534,0.167696933733403,0.1509096743823983,0.2043620278536652,0.16346789009645624,0.17256497385018993,0.16401081712284712,0.1288700564710377,0.10309575157510484,0.11405417183840062,0.1146403646159287,0.13194828262499242,0.1303428009124278,0.11288088398886052,0.13364951432859043,0.12468535574085271,0.10881945330593103,0.115643756136035,0.12524735749862817,0.12695779372614513,0.12160427934434317,0.12966376683826725,0.1293530561592227,0.11892151254690664,0.13914084526220702,0.12857617568257626,0.19294649897481914,0.15923755477754878,0.20419637098686808,0.16803281444079105,0.14956158814328874,0.18848680084065894,0.19192202854397794,0.16862899861892366,0.18996464369787638,0.20753587805916085,0.16551774302090913,0.1689214604972961,0.21149075992286578,0.16964363434526214,0.1650274785374652,0.21001213677045824,0.16991554673419326,0.16812628557510645,0.20419057451596287,0.1837527111069924,0.17452647011184602,0.19939234237212838,0.1852509283041229,0.1819796659272801,0.19295880446129499,0.02000066540389772,0.001527841664196352,0.0005231511126513566,0.00017030851086255444,0]}