{"max":0.14285546093499366,"peaks":[0.033498512941940554,0.060139169931220135,0.07148586385631046,0.053658414439738955,0.061463664439141585,0.06381355903201387,0.06502937772217843,0.09318891499632796,0.0993894762514936,0.08275568936815425,0.0785933187084465,0.09438662633295883,0.09305651263752628,0.08807009201056451,0.09726225632132666,0.09317561034561599,0.08434214482713236,0.0904200679295883,0.0987348932455624,0.08819847676909812,0.07733115334614678,0.10866706774165513,0.10603934926351746,0.08050589369162736,0.10186250516385491,0.11047013431531076,0.08995487173294853,0.11038246876718057,0.09635506857081269,0.09811278183598397,0.08817936672852328,0.09908408121765373,0.09313393238058247,0.08164741337863886,0.098037776577645,0.09575135379816678,0.09125384795566203,0.08478670567537058,0.09510346679814184,0.0948013346445412,0.08230145802460237,0.1067463938452007,0.11294579511811816,0.09707883915900872,0.09299731276375839,0.11312004411251732,0.10252168768066096,0.11869501771003788,0.08031462535074847,0.10763623047934806,0.10578641111924594,0.09991140562964207,0.09098160428308964,0.09527188618057296,0.0966182928162063,0.1047191203999261,0.14285546093499366,0.1379720527944524,0.12772614580655184,0.1205847304409712,0.13459384874773986,0.12659374163423737,0.12146857516328888,0.12087534614481003,0.0973414218909587,0.08086827637630528,0.08951076776040037,0.0966219897251554,0.09337921328917484,0.08681737140677556,0.09211335025667672,0.0933394934420355,0.07862153056504242,0.09632133340964924,0.0966508177891406,0.08304269373408632,0.07755833057875768,0.10960868234157448,0.11395080102206158,0.09496835230923288,0.09925349223847661,0.11570141396663124,0.0989775019591648,0.10208356613693426,0.047570841785551314,0.053287586693664894,0.05382207037221938,0.06307775597976807,0.05330810474167463,0.05513377759611057,0.05895205820081714,0.05045096205090021,0.057615515681039696,0.0554836992729848,0.05301828751978525,0.059798483927278684,0.058856989336950896,0.03407313059979535,0.009094717480400588,0.001566448986315324]}