{"max":0.10696219482242882,"peaks":[0.013476702016999053,0.05967594004990935,0.06523493887858633,0.05608011169814825,0.030660244110347797,0.04918159497711642,0.05957219315639842,0.07883947333796137,0.06391574370967704,0.07206253998081671,0.06576528715771165,0.08339641003716622,0.04288020483270256,0.08015932919572799,0.059583634635791985,0.0709744015129705,0.06617846622562107,0.07994742588220768,0.04422062366569141,0.0685755805125846,0.07596097203157855,0.0738641383501295,0.045112710418179325,0.09522072963006387,0.10696219482242882,0.09238984453255437,0.08946427012938511,0.06464929526023996,0.1068335042632872,0.07752807732051699,0.050276456909770326,0.051383565839752336,0.08683769281965119,0.0809489338044131,0.07409646719529074,0.07725289256830419,0.057121245742944624,0.06535263013049997,0.08006262007787833,0.07265486843520559,0.07880812921349842,0.05037193262922131,0.06150074024898126,0.04540311972200886,0.06231783349791685,0.06686301659341289,0.07779745857564477,0.06513494125608923,0.09517693634451514,0.07775756608817612,0.09134217408231524,0.0900523204835336,0.055233526689971085,0.07972443559733942,0.07116031780176771,0.06802452807313027,0.0896582817371882,0.07510816521909858,0.07246196796912192,0.051856152830043675,0.04501865721106539,0.05884792135879588,0.05084743497577632,0.030274663569964597,0.04605227407177623,0.04715239932447469,0.0633084288227291,0.06249898223077792,0.05442665700688563,0.05038700154401889,0.08894255002028877,0.07080647812036255,0.04996765125998192,0.042013709226690635,0.06003419328387472,0.04768855686715451,0.07182252916799066,0.05614773362779195,0.08985137560125468,0.07953645723990495,0.05800086944458559,0.07018379182635237,0.05716949626480361,0.03755444580633405,0.07015951994531189,0.05219455401814545,0.09866960412364532,0.07776794844493433,0.05599047708080628,0.09275868373927064,0.08154490445219753,0.043890789217230976,0.05091039302353076,0.03998776604756141,0.03073091711394419,0.056671089317560326,0.02032260314033355,0.007756079941267006,0.0008010646401801279,0.00011059604051482828]}