{"max":0.18934627531529832,"peaks":[0.018673625174310423,0.02661270986255663,0.025472418206003856,0.02710973908828976,0.02858254059980568,0.0290927771044915,0.029484088991794243,0.02843055567197243,0.060961650058747784,0.07238875874848676,0.06279887998470357,0.06569940265193266,0.052421619790215764,0.0686170230926364,0.061636480035209516,0.08368190001602273,0.1088097263316349,0.10925316589128391,0.09897151013340606,0.10553212134145797,0.14353343995693033,0.13820236607970263,0.12609008012297768,0.18934627531529832,0.13384988261174466,0.13052585516820736,0.10791719722705936,0.11131990985954901,0.16918406526127772,0.11852723851510055,0.13377290621708773,0.1812687833761686,0.10148655485091702,0.15817957284027165,0.10840587195126482,0.10784979001101386,0.1036205382137141,0.11350284079677808,0.1416234262503445,0.17006115466970087,0.11106429637044564,0.15494981687238749,0.10646920213952378,0.09656989225245168,0.09541985258623757,0.1157774251072225,0.1331905101770939,0.16101957620245386,0.07625124016425933,0.06718841613351159,0.06844045527066306,0.1200886678421706,0.09049914516379308,0.0851933097382951,0.07381689716526443,0.11444213890627136,0.1258946957471975,0.11554921845759698,0.12082162646770186,0.13384331507501865,0.12291303242982651,0.12660385239668068,0.13833819869718583,0.17794593494907326,0.11628230539539765,0.10236514557124089,0.12544835103381716,0.12718205887550357,0.11380354543367494,0.13030958372962942,0.1508286690947938,0.16889230326925242,0.1299843825794694,0.13211461716447342,0.10768648560742616,0.1057586898339607,0.13041990825082225,0.14977660812636262,0.185118957635044,0.13152127474657685,0.09944806257502535,0.08033371167746488,0.08985470819294114,0.08727754423362316,0.09273190094845178,0.14176894929361264,0.15849184860133292,0.12230370951513662,0.13265393501478398,0.10666995744919427,0.14744315787633924,0.1322468677279748,0.1347644375589714,0.15167995095564415,0.15175806271728384,0.12910452766798539,0.0807114680001299,0.011930532178475986,0.0005453517094147702,0.00009313098774295044]}