{"max":0.19694426272109405,"peaks":[0.016930861988318238,0.05788990419186477,0.1164539863312368,0.11451139370414208,0.11107130497637259,0.14971011126854622,0.09391763639035844,0.06524475149981479,0.06611704518158228,0.06914172727709408,0.1001313205580406,0.07818437942725132,0.1326546182642531,0.09536252678951102,0.11065002883677383,0.12981362295474505,0.08440729327689626,0.05938020063859238,0.05674629350303071,0.08518648737521455,0.09463531525727777,0.08137139508935477,0.14825915369962722,0.09367498715324356,0.13034125177103303,0.11329485938661252,0.07090701921388197,0.058784299671325674,0.055830493117173696,0.0900642239037525,0.08355563829754753,0.10565072465584933,0.12836941796494675,0.11593183948375821,0.15895957376245745,0.11449892943458834,0.07986999458119422,0.07262777408513858,0.06936621533951881,0.1423828139195332,0.15806023761836246,0.15838198793209848,0.14774854856738304,0.1583951691177291,0.17777136287685338,0.15079807936411138,0.12620599921422712,0.1044112126269468,0.13735724900273089,0.15296923392900375,0.1519275883738762,0.15876865453315236,0.11982007858281214,0.1626020399922292,0.15723229757183105,0.13855059946301412,0.12123827255117323,0.1148608817262298,0.12848196910749804,0.14114978989234794,0.12566218561861103,0.17197993525574462,0.11914482822141156,0.17486453858810505,0.14666620102663153,0.11650824775770632,0.1106808133258549,0.10487648610654218,0.13582600374842677,0.14042680963796422,0.1302866853008731,0.15513191368157078,0.15007290010166585,0.1758186088116533,0.15381178003276563,0.12154274877782789,0.09322956525840516,0.11146804665052289,0.15270515597321524,0.15596566572149484,0.19694426272109405,0.1848804268544596,0.149012153028435,0.15464297348565675,0.10221111106182733,0.0974116319814081,0.0349141855955437,0.012013046208828228,0.01177186201523403,0.009868732442963301,0.010673458650098817,0.014084577580625491,0.011369868780403915,0.0019929419015797464,0.0003973036714081295,0.00007094266120126038,0.00001703257813333399,4.961530654599678e-7,0,0]}