{"max":0.18795166443567263,"peaks":[0.13658928518605482,0.1770448102973609,0.15433917624191734,0.17564866011989747,0.1629195509118726,0.18648256965869583,0.15598550208978013,0.15997716752359512,0.1510095855084267,0.12492193638245204,0.12129613946248419,0.12691340737139337,0.15959878453492923,0.16911552720857745,0.1735170456603079,0.14972048204099822,0.16036977072606218,0.13797460743539283,0.1127215737909309,0.14827097624648636,0.15745931174922345,0.16179044811629767,0.15315980973977922,0.129020194769813,0.14523871399991067,0.1873571192096451,0.17310880680397014,0.18519422682627856,0.16873012534789564,0.1736967408727163,0.15471542718775294,0.15919753303707923,0.17146102085044154,0.13118225511446197,0.13279382542545165,0.15470676939241645,0.16817155050104954,0.16454674907137137,0.1691762189574326,0.17719831835729755,0.18786154673972225,0.13070636983918707,0.13197947732751322,0.1306341404664735,0.16991306071533227,0.16207996489411852,0.16208128137478234,0.14907469011633592,0.15244938652956333,0.15407388695573704,0.16713655934636543,0.1750620077599771,0.1524085294358352,0.18654993376688264,0.17201014167251147,0.1630003722486438,0.18438969307878625,0.15825807564922795,0.11996479498246523,0.1526614936645142,0.17965278880899324,0.16462233869645765,0.1481196858557736,0.1648843060090777,0.1529384833655915,0.15735691981630645,0.15114461621926265,0.15469486148609288,0.1406339834442979,0.18795166443567263,0.1481646386743405,0.1714102394074279,0.12593134332554629,0.1465066168544874,0.1280850460807099,0.1810828616825212,0.1336595784978657,0.17743389109125027,0.13272500853750166,0.15710844532636004,0.14564049311045935,0.1423668504930044,0.12728595880538907,0.138969355219985,0.13790919363864174,0.16277514435795112,0.1460082117438002,0.17663639559255456,0.1590343741644899,0.14459921155813205,0.11188575707742468,0.1239047221633944,0.12373907577654346,0.166307638091357,0.1444925716731587,0.1426545621447495,0.1448906257445176,0.08767624729492723,0.0014404850856205396,0.00003278094286634502]}