{"max":0.10454372939392742,"peaks":[0.037248123267669964,0.04099370084083407,0.04409216128359226,0.04236519785162211,0.04892060332670128,0.0405358137469131,0.04543500913397502,0.04298017663734488,0.038808535393671094,0.04491188856703649,0.04542533713944818,0.041280228769651525,0.027924425827576555,0.08242726058125717,0.06471302456472877,0.07027669803378499,0.0788322501470633,0.06607655638155652,0.07055890722388503,0.06907401439454272,0.06858925021120994,0.07679667413268408,0.07203988118775116,0.07308353758657339,0.07512902245747022,0.06411927655394396,0.07221151724344854,0.07671182046134045,0.07164176615848221,0.07904399362634737,0.0692501960628733,0.08130172302213418,0.09434781192661276,0.0738971307109726,0.08605179436868338,0.09627065355244838,0.06401554566198658,0.06210262876899737,0.0797846404325501,0.07442620511223748,0.07775720498920817,0.0795232257448027,0.08740772628610328,0.08076318266191734,0.07563557461637678,0.0725545415930447,0.08323942769660331,0.08130702229672422,0.07073109573599144,0.09043372400755739,0.09887496763073896,0.07538338431803744,0.06485682676018294,0.08085954105977687,0.0782359965083413,0.07587459265515806,0.07985235193776946,0.08712562359852867,0.07113254242142154,0.07810784305345797,0.10008386696154757,0.09186006711030445,0.09799090399791321,0.09684870907103942,0.08615280092543917,0.08550995525006984,0.08445736070584928,0.09189385230473857,0.09492363220160227,0.08948888126536304,0.07975280697082962,0.0814472583817302,0.09678730694185995,0.0818984087670221,0.09016573664908613,0.10343349526928737,0.0920100252775299,0.06759346270913341,0.07581536659244854,0.09961675211865417,0.08062182974981379,0.08343470311142866,0.08223805709135586,0.0856593549056905,0.07297471686975344,0.09271824982122108,0.09886849124771599,0.10454372939392742,0.08976199288371602,0.09726297673931897,0.09124458100503252,0.07881580529145638,0.09433463961470233,0.08616865983863355,0.0839044891713535,0.10199478475342878,0.08221481730562154,0.08215724195548296,0.011377458811063834,0.00012518137162642335]}