{"max":0.24078020832428026,"peaks":[0.11825604739750673,0.13966209476590918,0.15796757248040974,0.11416588314134787,0.12375173768165966,0.15036439985406175,0.12707472025624683,0.149619934877342,0.12668431010633677,0.12473394808955922,0.17989154092232257,0.16254322931599643,0.19138999280365587,0.1428749277957066,0.15423444704397077,0.1685448249315006,0.1545869123370469,0.17684631440493645,0.15540689875093688,0.1639574908624131,0.179642514996152,0.14894884916981505,0.16084066255300486,0.14040287581910982,0.14760212284342458,0.1990345211705381,0.1538215282430952,0.1744452418375359,0.1650849114718218,0.16061820599903512,0.2043675048341556,0.16431606854915323,0.21302408620996713,0.14920530081923913,0.15564657310355998,0.1820967591163545,0.15906454166203776,0.18804480676564253,0.23912895858579747,0.20440433267718544,0.21017104090558736,0.15746358016961606,0.24078020832428026,0.14374140176239594,0.15811656464117965,0.19222570019943402,0.1450535882379228,0.1990714701087858,0.22603531687998102,0.21237919654915066,0.19196536744501475,0.17005265011191611,0.22675241148903227,0.17373615066089224,0.1540346636827053,0.19726392834814657,0.15826734168052542,0.20402071333612531,0.14883709753378943,0.1767040042386854,0.19868591717043405,0.16885145145458128,0.20703398752407123,0.1717479861972351,0.1838729537177219,0.2027046120559656,0.15245324115717646,0.19322547558799472,0.1264233477756607,0.17026803650902753,0.11339881008894641,0.10375852167269378,0.09375178579525896,0.07618102117281264,0.09904977117753236,0.08162311415376577,0.09197940346578315,0.08103745751999591,0.08962948624033368,0.09128410892832489,0.08946284909214842,0.10203395416523228,0.09289134674005586,0.07750340355662887,0.09868212307095682,0.0812900645071241,0.08851855477654759,0.08703245599872346,0.08000129794592321,0.1323435642013932,0.14781498865818202,0.008991776263566136,0.0002096439358331808,0.0000016332886476331873,0,0,0,0,0,0]}