{"max":0.1135231538740926,"peaks":[0.0558748224603793,0.053327542247750846,0.05575876557479178,0.06262379619879556,0.06439291336153262,0.06500800888547523,0.06482402803778366,0.07410441517764876,0.06447000278742344,0.06252888908647433,0.06319226714971811,0.06762040814043313,0.07607672222764579,0.0655180964363359,0.06309447120896026,0.05849015139631305,0.05958810299575228,0.055857004847178635,0.06167976256967844,0.059299948058974296,0.057206075482542314,0.05241879320852636,0.07089294622175926,0.05838776419009327,0.05678291308127378,0.059164821081995826,0.05647387391013724,0.05452475761561814,0.05677336928788024,0.07323764343092723,0.06348577227958598,0.06136491037882576,0.05545325240741003,0.052520641390882,0.05651869804501275,0.0622026322367489,0.06682026200840008,0.07650288254964054,0.06973947868013458,0.0673424842786963,0.0615234945706944,0.06788561413882355,0.07057911343571284,0.06975033496090915,0.056769063480218575,0.06159548282405761,0.06233324534194189,0.05575484893574553,0.06899037486776159,0.06067412494878564,0.062218746549404104,0.056621539843611,0.08699929081461596,0.05548382586983752,0.058562910614088866,0.05689449851345225,0.060917614954478824,0.05929623756148734,0.060842755330805236,0.06517640719071616,0.06113581276807064,0.05538054024874331,0.05509670851567022,0.056209445043259275,0.06781046414905897,0.0617259482850531,0.06371806224383517,0.07467249551524012,0.056803394427400025,0.09674768114415552,0.056968256132467227,0.06682676119171754,0.07106084718267412,0.06339744970595476,0.05727345425795483,0.06322563882374746,0.058233230414406076,0.05868189594169451,0.10146798266495041,0.07416074029778162,0.05664146914286298,0.06121604574909131,0.059368336982276115,0.1135231538740926,0.061513330614691594,0.056578405900228286,0.056959933254442846,0.07364808847202699,0.06835510739656593,0.06064710554584034,0.06335818952618938,0.057456715323542254,0.014718133286280896,0.00012647281527389812,0.000012189896847274788,2.423112483772857e-7,0,0,0,0]}