{"max":0.26576851552574604,"peaks":[0.014737598761107064,0.04088598421346332,0.04858160025646972,0.04467979641226813,0.05382718776910722,0.05609575594593615,0.07199502056412191,0.0764687476903943,0.08710348164500194,0.11262013051692195,0.19645939809669863,0.16803389908357075,0.1691288078471741,0.19660311274042902,0.17312413085588438,0.16198142744783087,0.15541647848560716,0.16325094166353799,0.2030810423898808,0.17536348697391196,0.17045329950436106,0.1653860402187911,0.18760947660234262,0.18979316926424605,0.16986959179878897,0.19228954599007353,0.16722776387676316,0.2218953529009314,0.23182691354619883,0.15736942378270283,0.17111705671069272,0.1702329799310221,0.16734341699693955,0.19255381334999216,0.20075153420514577,0.231643340010903,0.2290839792002111,0.19138914215697062,0.18214127677939032,0.17589606002611738,0.18077666052157068,0.1757188965968719,0.16109690807170876,0.20444696862512377,0.22573630189555732,0.22330305096060507,0.2047645396612748,0.2200290606602565,0.22429809544784662,0.228316438008909,0.22235774273518052,0.2301542953683622,0.21827133732583426,0.2367458876723544,0.22372741674804114,0.22734026138210794,0.2412122430529251,0.22606027401203282,0.23735442941937093,0.21609229152023587,0.24406635818363184,0.22319146706937187,0.21704537258323633,0.22690722042090586,0.24863799138512946,0.24538224293994343,0.22411973492126072,0.1944291671743149,0.21778498368593313,0.22062753982355318,0.21812228951337023,0.23839541610840773,0.25584232886110514,0.25530676516623174,0.23515383490320108,0.223938587350757,0.18834054405681433,0.21780516510838935,0.22287064482636806,0.21449857533755215,0.20844791372712032,0.25387087749547044,0.26576851552574604,0.2463227181711718,0.23661014022190702,0.23277222584719023,0.24555190277337338,0.22598961158993333,0.2399960951542449,0.22588015407247117,0.24025265690144024,0.25278093817522057,0.15833447802275744,0.030368587910612088,0.010739776655118367,0.0045099490344390385,0.0020016592263377426,0.0008553862865059921,0.00031473172864253927,0.00007441102880338263]}