{"max":0.13452041831272105,"peaks":[0.12038786422131054,0.07095440169071664,0.07458833688090893,0.05777078863979019,0.05588005053125731,0.06366679470040126,0.12782429401689743,0.11935868591228208,0.08736254715529193,0.07270176771239098,0.05663494518084807,0.04940469214526065,0.10605760107742673,0.11003289907032827,0.09570443640691051,0.10113081469336523,0.07407292274562392,0.07605410612612543,0.07911564754865355,0.09057181307517478,0.0531877684848163,0.0561451883686435,0.039369706123505314,0.05110994953515023,0.0652766574193766,0.13070237247466956,0.12585115171020123,0.09081266424491215,0.09795386979903811,0.1086666654697099,0.13452041831272105,0.10337883116340858,0.09020344665362885,0.05940425618837854,0.03942937999894324,0.0502932057258685,0.0672623145447159,0.11112559352247375,0.06862042463673651,0.06727218170835847,0.1259249931716572,0.08464005057686003,0.08215396931007675,0.10896200024701354,0.09429854502934043,0.08083954719606318,0.11522021377659127,0.06743965197622016,0.10042231390008804,0.06659130297614231,0.13447479805276702,0.08125584489935672,0.10343042902572246,0.06385829992840722,0.059769365443367646,0.05283324576459197,0.11011826661995937,0.12620275231439423,0.098090213116662,0.11906452141876644,0.07795423818438828,0.07078509016079204,0.09425740268337812,0.07862302681970666,0.10297643924547727,0.07485016926948337,0.08965023788562426,0.07217273669629476,0.08892668691310306,0.10614403420055943,0.08492856289801691,0.12475284940363447,0.04574094550611934,0.0625974099696424,0.0606176511389337,0.12125202418814236,0.07939632351333736,0.10431714548525271,0.06202391112711869,0.061137707393296326,0.05206280990729,0.11663745940347733,0.12473288878546493,0.10046964752473424,0.11804628765044654,0.0774962750460658,0.07418788313470931,0.1088446220134748,0.07813051356816234,0.09651775128188236,0.07855595092138588,0.08928575618210571,0.06905138117178874,0.05716718504483618,0.07618953009160544,0.07811742537817452,0.12175813833444171,0.04008365293360298,0.026818077095948432,0.002529920285534781]}