{"max":0.09302023370205015,"peaks":[0.08289060369307898,0.08937025381293047,0.07463147374014316,0.07477268002258208,0.06973516934071977,0.06752959166930429,0.0785812158003081,0.0758395699789,0.0626347870238049,0.07415458956512942,0.06482449132648165,0.07724695340854472,0.08433854076150209,0.08477125827130681,0.09098355476976372,0.06798185052538747,0.07580682879772162,0.08520920907864785,0.07448691324129257,0.07303192734430627,0.07672603353367063,0.06938642369536491,0.07587232863302626,0.07730862631745161,0.06854157502187659,0.0744542611232689,0.07235786943715876,0.0710849026338686,0.05765559143778411,0.06441756625009103,0.08716643600309752,0.0794763060026078,0.07415561559244399,0.048731414880237696,0.057768370485496545,0.07274501481804896,0.07707725484738777,0.08717622269764105,0.0803184915069481,0.0676204734448216,0.06818619448807642,0.08457441903669725,0.07515479424673369,0.08301722932801342,0.07667452457227455,0.06430210248326719,0.07273272875281629,0.08232158705597771,0.07375623072473496,0.08461026789575783,0.07674953873488642,0.06773176934466707,0.06780582966451164,0.07996084947121025,0.0711866975838525,0.07496360253023672,0.07003274149882278,0.05893658791450106,0.059416153655351404,0.07776082118655755,0.059652427178131524,0.06817476405118206,0.08347803701141117,0.05608115680850995,0.07444970406983692,0.07946637370490635,0.06728124576431495,0.054058195067601414,0.06079701403008577,0.058230432395084,0.060066353201558224,0.07646655684422028,0.06952590482235212,0.08240932507449637,0.08114094702604031,0.07127996823081549,0.061019613790091805,0.06937052537573395,0.09302023370205015,0.08853518132037065,0.07861629353203367,0.06522122620633332,0.07201204741676215,0.06933251921194368,0.059888844669296594,0.06196227735953285,0.07110128934784869,0.0668324984556743,0.06420063424433665,0.0733238557295154,0.07201360231798332,0.0696178353279703,0.05594706719809084,0.05808104866288455,0.06323686443112095,0.0903679474010399,0.04129327382089051,0.00037071025633460817,1.1694337285916384e-7,0]}