{"max":0.20882047302364326,"peaks":[0.030056057262945843,0.027239597989363835,0.03753525560935248,0.04521424109306031,0.08505266583307185,0.08576777667183444,0.08867490125084361,0.09157107037606564,0.07950222992704026,0.1474856735572147,0.14767402977582633,0.11654457504862333,0.14392589807227324,0.18167611149952592,0.141969784634217,0.14527214860242849,0.1656761808291484,0.132253821276502,0.148375262189835,0.13861860021670297,0.15331379125698136,0.16166942683373672,0.18085946848886306,0.1639062351488673,0.16464097084366194,0.17118215837363174,0.16168677379246285,0.16832727644505258,0.16379434213364977,0.15121765572333054,0.14226741313771124,0.14607094708211882,0.14625643469108643,0.14611447243927178,0.11595090025182216,0.1651088786196626,0.1285889605471693,0.1426597517491909,0.14285862688514922,0.1914473187864611,0.15551329240794223,0.13688223798691848,0.17255048091384656,0.11125116980851948,0.20882047302364326,0.1484372896993726,0.14561922352134576,0.15177771605038123,0.19298768085448834,0.14160498750013145,0.14986431163429403,0.14316928025148357,0.1273833443433999,0.17261445195120734,0.15215474725810707,0.1605633223161854,0.14696220688185826,0.16343956592590936,0.14818660636467318,0.1449836938709116,0.13909673508714118,0.14987444934983585,0.16778952028348917,0.14934213745573793,0.1506871477041874,0.15114671841118846,0.15562399434131732,0.13486569436279203,0.1609119781243108,0.13199413615572292,0.11226003327233258,0.1009561469734289,0.0741606411195165,0.053598922312905396,0.05874314558233132,0.036355805613558397,0.06634608236048568,0.05536297294278642,0.03146950477181138,0.04996931558418373,0.08121211663557765,0.044739995604201895,0.029045230780813447,0.052361474736440095,0.11233776070964235,0.059890347598392575,0.027155599592145616,0.037593747453269946,0.1062797376160743,0.08001568554462125,0.04380470592165771,0.04394915837675967,0.03856030543110097,0.033913795033928516,0.001428570953269461,0.000002265416953008897,0,0,0,0]}