{"max":0.1667652432139773,"peaks":[0.13887931756420033,0.14305039444487552,0.13531773475230474,0.1415432703109933,0.1299042327374018,0.160275104714726,0.12117628787646444,0.1284845069570495,0.14142934348721,0.1526603083043181,0.14581840959321238,0.12628137726038055,0.14402361412726183,0.14493605365554818,0.12326811347236974,0.1216958221536774,0.13186528789645044,0.12973543709192703,0.12955112426614213,0.13762191356052744,0.1511920819423098,0.14525836975265963,0.14314566374909102,0.13447981174867313,0.1250691303338697,0.11979484933549894,0.12558561875305957,0.12240003321246959,0.13882202836248395,0.15510848061599955,0.13682339294111517,0.14378575021665935,0.13305044779533798,0.16237849370164914,0.15115988709452513,0.1498500693932248,0.15390080650383764,0.14047112566791567,0.13620193685667456,0.14300642085345733,0.12667690378590188,0.12938468149846902,0.12785305885166084,0.14798847165764087,0.1667652432139773,0.12426388517732186,0.11379665853238019,0.1366076002717163,0.1289778577663551,0.15167781742087733,0.1454401734266185,0.1212597607156056,0.1475519399642716,0.11496373868849745,0.11859425097747589,0.1246952492122112,0.14223084336476122,0.1601019953592031,0.12549426141974565,0.12324319523823292,0.13650354487101402,0.12909051439976474,0.14854840357805604,0.12898961074710694,0.13329681597566329,0.1347285775716737,0.11526370103536528,0.14647903271598572,0.13946091039964953,0.13465961338868057,0.13501353282352588,0.12530142296531616,0.12705728700314517,0.1559259133954715,0.11620441429078208,0.14270095291114676,0.1388871191485774,0.11408906242098128,0.12410764762815617,0.14051834149217687,0.12585827835815647,0.16552131812719942,0.13756029322455868,0.14333161631669097,0.14524066672671287,0.1240753006551404,0.12422721362961317,0.13280520841791457,0.15012490491292246,0.16194599347577898,0.1369847497214206,0.1471945818046297,0.14796101555772811,0.12331497771471052,0.1445899157278146,0.14150433357152006,0.15109700190924424,0.022506373082723845,0.0024209473484509123,0]}