{"max":0.17918614406122968,"peaks":[0.000008729893912007295,0.11429414614756853,0.1202548022950979,0.13726439336890794,0.12094560621425664,0.14035324922139908,0.12346278891429732,0.1251676234278811,0.1404438938455718,0.1436364985053666,0.15700384252713842,0.1320604306809279,0.15697026097060035,0.1395243574729375,0.15276777293593186,0.14862322263213215,0.16764364760441486,0.1648715585162546,0.16298178004575875,0.1640998388475829,0.16380825282809014,0.17357344815023082,0.16859196595464532,0.16015193195229893,0.17230359200466613,0.16806118618925628,0.17394836632716124,0.16408672652723913,0.1707836310181406,0.1688381869311157,0.16538865476302714,0.16692753389091888,0.1656869594972167,0.17827721126425056,0.16842928653132228,0.17591483371966019,0.17918614406122968,0.16883699236261648,0.16613572501306062,0.1658163026596048,0.17644449075744617,0.16809713078795444,0.17389759825878906,0.16604836232965586,0.17304471022676002,0.16724015319871188,0.16378491731668174,0.1788093050461972,0.1702675659190401,0.1723214098641079,0.16819984650709474,0.08603373795276133,0.07168357984242421,0.07605441497580323,0.07440848724936833,0.07527100560604812,0.07823028261995325,0.07112836491731547,0.1678216860331942,0.15900938074068477,0.16408502363038766,0.15564083634292522,0.15513644761645312,0.17052283680266617,0.17866625174645198,0.17308075640069978,0.1626370964166287,0.16189198697100673,0.16883140792293483,0.15553968517120378,0.1626621362248957,0.16308951209726882,0.1624184068758224,0.15236609677194424,0.15689067792554393,0.16470502748163998,0.15587091146174636,0.16689967659551844,0.15862946495477942,0.16197836585617723,0.16155494991884473,0.16112839699488496,0.16289188198266763,0.16290452025250018,0.16958519328748514,0.1707488416351488,0.1665151293566579,0.16167816833897874,0.16733193043672864,0.16632607846826597,0.1681619769293887,0.17105024201027041,0.17174063009386628,0.16480860986901025,0.1659593257163351,0.1694485644616948,0.17247871354287658,0.1058990724094804,0.039327087156916796,0.005328774891477476]}